id_country;name;n_2;n_3
138;AFGHANISTAN;AF;AFG
23;AFRIQUE DU SUD;ZA;RSA
146;ALBANIE;AL;ALB
77;ALGERIE;DZ;ALG
3;ALLEMAGNE;DE;GER
113;ANGOLA;AO;ANG
76;ANTIGUA;AG;ANT
128;ARABIE SAOUDITE;SA;KSA
40;ARGENTINE;AR;ARG
91;ARUBA;AW;ARU
6;AUSTRALIE;AU;AUS
25;AUTRICHE;AT;AUT
63;AZERBAIDJAN;AZ;AZE
103;BAHAMAS;BS;BAH
144;BAHREIN;BH;BRN
95;BARBADE;BB;BAR
20;BELARUS;BY;BLR
12;BELGIQUE;BE;BEL
62;BELIZE;BZ;BIZ
133;BENIN;BJ;BEN
57;BERMUDES;BM;BER
82;BOLIVIE;BO;BOL
99;BOSNIE-HERZEGOVINE;BA;BIH
134;BOTSWANA;BW;BOT
29;BRESIL;BR;BRA
102;BULGARIE;BG;BUL
118;BURKINA FASO;BF;BUR
140;CAMEROUN;CM;CMR
13;CANADA;CA;CAN
47;CHILI;CL;CHI
42;CHINE;CN;CHN
64;CHYPRE;CY;CYP
33;COLOMBIE;CO;COL
109;COREE DU NORD;KP;PRK
52;COREE DU SUD;KR;KOR
51;COSTA RICA;CR;CRC
120;COTE D'IVOIRE;CI;CIV
46;CROATIE;HR;CRO
28;CUBA;CU;CUB
75;CURACAO;CW;CUW
16;DANEMARK;DK;DEN
129;EGYPTE;EG;EGY
45;EL SALVADOR;SV;ESA
116;EMIRATS ARABES UNIS;AE;UAE
74;EQUATEUR;EC;ECU
85;ERYHTREE;ER;ERI
14;ESPAGNE;ES;ESP
32;ESTONIE;EE;EST
4;ETATS-UNIS;US;USA
89;ETHIOPIE;ET;ETH
137;FIDJI;FJ;FIJ
22;FINLANDE;FI;FIN
5;FRANCE;FR;FRA
135;GABON;GA;GAB
50;GRECE;GR;GRE
132;GRENADE;GD;GRN
108;GUAM;GU;GUM
72;GUATEMALA;GT;GUA
92;GUYANA;GY;GUY
98;HONDURAS;HN;HON
60;HONG KONG;HK;HKG
35;HONGRIE;HU;HUN
87;ILE MAURICE;MU;MRI
136;ILES CAIMANS;KY;CAY
106;ILES VIERGES UK;VG;VGB
122;ILES VIERGES US;VI;ISV
70;INDE;IN;IND
90;INDONESIE;ID;INA
78;IRAN;IR;IRI
41;IRLANDE;IE;IRL
65;ISLANDE;IS;ISL
43;ISRAEL;IL;ISR
2;ITALIE;IT;ITA
104;JAMAIQUE;JM;JAM
31;JAPON;JP;JPN
147;JORDANIE;JO;JOR
66;KAZAKHSTAN;KZ;KAZ
145;KENYA;KE;KEN
112;KOSOVO;KO;KOS
115;KOWEIT;KW;KUW
123;LESOTHO;LS;LES
58;LETTONIE;LV;LAT
131;LIBAN;LB;LIB
107;LIECHTENSTEIN;LI;LIE
9;LITUANIE;LT;LTU
26;LUXEMBOURG;LU;LUX
139;MACAU;MO;MAC
83;MACEDOINE;MK;MKD
71;MALAISIE;MY;MAS
143;MALTE;MT;MLT
79;MAROC;MA;MAR
38;MEXIQUE;MX;MEX
101;MOLDAVIE;MD;MDA
56;MONGOLIE;MN;MGL
124;MONTENEGRO;ME;MNE
54;NAMIBIE;NA;NAM
100;NICARAGUA;NI;NCA
126;NIGERIA;NG;NGR
15;NORVEGE;NO;NOR
17;NOUVELLE-ZELANDE;NZ;NZL
141;OUGANDA;UG;UGA
69;OUZBEKISTAN;UZ;UZB
125;PAKISTAN;PK;PAK
81;PANAMA;PA;PAN
53;PARAGUAY;PY;PAR
1;PAYS-BAS;NL;NED
67;PEROU;PE;PER
97;PHILIPPINES;PH;PHI
18;POLOGNE;PL;POL
61;PORTO RICO;PR;PUR
39;PORTUGAL;PT;POR
127;QATAR;QA;QAT
34;RDA;RD;GDR
130;REP CENTRAFRICAINE;CF;CAF
86;REP DOMINICAINE;DO;DOM
55;ROUMANIE;RO;ROU
8;ROYAUME-UNI;UK;GBR
7;RUSSIE;RU;RUS
88;RWANDA;RW;RWA
94;SAINT KITTS;KN;SKN
142;SAINTE-LUCIE;LC;LCA
37;SAINT-MARIN;SM;SMA
117;SAINT-MARTIN;SX;SXM
121;SAINT-VINCENT ET GRENADINES;VC;VIN
44;SERBIE;RS;SRB
84;SINGAPOUR;SG;SIN
24;SLOVAQUIE;SK;SVK
27;SLOVENIE;SI;SLO
11;SUEDE;SE;SWE
10;SUISSE;CH;SUI
114;SURINAM;SR;SUR
119;SWAZILAND;SZ;SWZ
110;SYRIE;SY;SYR
59;TAIWAN;TW;TPE
36;TCHECOSLOVAQUIE;TC;TCH
30;TCHEQUIE;CZ;CZE
48;THAILANDE;TH;THA
80;TRINIDAD ET TOBAGO;TT;TTO
93;TUNISIE;TN;TUN
68;TURQUIE;TR;TUR
21;UKRAINE;UA;UKR
19;URSS;SO;URS
111;URUGUAY;UY;URU
49;VENEZUELA;VE;VEN
96;VIETNAM;VN;VIE
105;YOUGOSLAVIE;YG;YUG
73;ZIMBABWE;ZW;ZIM
201;OLYMPIQUE;OL;OLY
202;MONDE;WO;WLD
203;EUROPE;UE;EUR
